Category,Tip
General,"Stay hydrated by drinking at least 8 glasses of water per day."
General,"Aim for 7-9 hours of sleep per night to support recovery and energy levels."
General,"Track your progress weekly, not daily, to avoid discouragement from fluctuations."
Diet,"Focus on whole foods: vegetables, fruits, lean proteins, whole grains, and healthy fats."
Diet,"Read labels and avoid added sugars, excessive sodium, and trans fats."
Diet,"Practice portion control by using smaller plates and measuring servings."
Diet,"Include a variety of colorful vegetables in every meal for diverse nutrients."
Diet,"Choose lean proteins like chicken, fish, beans, and tofu over processed meats."
Diet,"Limit processed foods and opt for home-cooked meals when possible."
Diet,"Don't skip meals; eat balanced meals every 3-4 hours to maintain energy."
Fitness,"Start with activities you enjoy to make exercise sustainable."
Fitness,"Include both cardio and strength training in your routine."
Fitness,"Aim for at least 150 minutes of moderate aerobic activity per week."
Fitness,"Strength train major muscle groups at least twice a week."
Fitness,"Warm up before workouts and cool down afterward to prevent injury."
Fitness,"Listen to your body; rest when you feel pain, not just fatigue."
Fitness,"Incorporate flexibility exercises like yoga or stretching daily."
Fitness,"Set realistic goals and celebrate small achievements."
Fitness,"Find a workout buddy or join a class for motivation and accountability."
Fitness,"Track your workouts to monitor progress and adjust as needed."
Motivation,"Set specific, measurable goals for diet and fitness."
Motivation,"Reward yourself for reaching milestones, not just with food."
Motivation,"Visualize success and remind yourself why you started."
Motivation,"Surround yourself with supportive people."
Motivation,"Keep a journal of your journey, including challenges and victories."
Motivation,"Be patient; sustainable changes take time."
Motivation,"Learn from setbacks rather than letting them derail you."
Motivation,"Focus on how you feel, not just the scale."
Motivation,"Educate yourself about nutrition and fitness to stay motivated."
Motivation,"Remember that consistency over perfection leads to results."
